hash,status,reason
dbc9528611b0d2cfe4537b08646da01f4ec66f355103258df6445412da8930c2,Flagged,Group has large number of flagged users
85f428d6c7677e2d4fb6866432d01daa8d4ae3dce02f80404ce4f1616f05206d,Flagged,Group has large number of flagged users
13da92927517b7fa8ea48e87bd5025c86981fe04cc545109050b99ce9cf531aa,Flagged,Group has large number of flagged users
49f67303a7b2e1e95b4ca62eed6d829429a672d4251c79a7dbe5419ab6fad075,Flagged,Group has large number of flagged users
29df5759acbeca6cf958ba17f87f4b434c4f10a7a9345b56eb64710a8737370f,Flagged,Group has large number of flagged users
508fea06f3bcf3f0eb37c9d4372f5fe9b88834002483786b131c8e051a0baac4,Flagged,Group has large number of flagged users
9026bcb3ead7bba9ead4ae3e445cba9fe116bcbd83ec4fb38b4dd2be72399732,Flagged,Group has large number of flagged users
f53d9e305eb7f3672b2366764116537d773f0c164258e5ea3b8b47b8332e347e,Flagged,Group has large number of flagged users
3d7c9d4735e9d89bf5a3952855036993f6e6c3006a9cf6b603b4034a7cdc83ae,Flagged,Group has large number of flagged users
57391c438909dd0f6a7542f143113ef4a2869b5ad2ebef7c2fb49accd99db9b5,Flagged,Group has large number of flagged users
643f735b766e08609d955a0a7b46549a70fbdeb28e7642911d861249ec5323fa,Flagged,Group has large number of flagged users
7b77747fda499fb75922b3d4525b846456de5c96c0c9529ce8e1f49a9a5902c4,Flagged,Group has large number of flagged users
97bcf7000a5e6bd78e82a50b2c9792e01d3bd9e7d8896408fc1d4364bd6024a9,Flagged,Group has large number of flagged users
09222a6579868b7712c3a124bd4b3afe949a4af4932a604611064b6ce0e3be15,Flagged,Group has large number of flagged users
1012fac20db0a1f2413da4b48d4de0c56c37afd4291d804dd70f9868a7d199b8,Flagged,Group has large number of flagged users
bba158ddef865d498cdfca26b020436e1693604e217be0e88c89e9eaee4f4ce5,Flagged,Group has large number of flagged users
69a734290b43d886c2f03f595a189046e5caff9ff610dfde65bcd27f2a8b21bc,Flagged,Group has large number of flagged users
072eeb438243e08cf54459ef285f16f577a7913101bd14584e8ddb949f5932b8,Flagged,Group has large number of flagged users
cc549109a3f312e408077ec66793eb4dd0a934ee69ae0e40fb94aaf681b3c680,Flagged,Group has large number of flagged users
8c4cbd0dc98b9a23bbfad752031049da6206f8240f91dd4d17037ed04164545b,Flagged,Group has large percentage of flagged users
434fee47b562c615b34634a802728f4f97c4f3d3e15dfd64292cad8a56b233df,Flagged,Group has large number of flagged users
070d5b8faa1950f14973b2a2e69a2a3e8f733459305328615099414945c45f47,Flagged,Group has large percentage of flagged users
1c46d03cba46d93c87baaabd4c220dd819e0f3dd8f6189f10503c0426aef8fbe,Flagged,Group has large number of flagged users
92daec34cd313abf337a12235fd9c2a5ce96be512d43d8de9476070451491d76,Flagged,Group has large number of flagged users
2ad6bd13b31f4b71ae97c3789748d11aca149faf95785bae5c31538b689c0b4a,Flagged,Group has large number of flagged users
6bb260e4a5b3467749b991e2998235e80aae692ad3f72476aefa9e130c356c39,Flagged,Group has large number of flagged users
f769db7d92ed71f92aa75806222d397b6862f4d4de10b65800e4ed7f7a955ea7,Flagged,Group has large number of flagged users
4d94ba6ac58e3953303a10e53d5434240f4e4b6575f98fd4ba7ea22720e9ba66,Flagged,Group has large number of flagged users
2420b3f8693f782b6c5e0b91e75114d9e49e0120449520904d6b4022ee86a9a8,Flagged,Group has large number of flagged users
4736c3f0467ed628d52bc09fb760fdc2a394f1d46b9411c8a386038c7ea9a691,Flagged,Group has large number of flagged users
065509e1084711b6794b066838ff1087dc911ddaa33adb3f82dd7cfdb1bdf5cd,Flagged,Group has large number of flagged users
ecb9f7b6c5ce54c2b65ebeb83008d0ac34cfec9f504ccf025b336111c11058ed,Flagged,Group has large number of flagged users
74a1373eda1cbac6ea566b3398acdee27e9f904e60ab1536aa0d4add728d8780,Flagged,Group has large number of flagged users
fa0b66f25a80c131c179a5b154c5e406bc30d89c45597a6da1f006c52c30a0e5,Flagged,Group has large number of flagged users
081fc1b51a6c8920c45ee51eca16615cbe4dcb3cefc29029e6570c725b420c5f,Flagged,Group has large number of flagged users
ae8c9ef882cf6f5fc797d43c0b54875b978a6e5ba3d16c9228871ca374bc6d10,Flagged,Group has large number of flagged users
e07bfa3049553da619f337136b13953cec416a836f40961466c1114e6e8e1b91,Flagged,Group has large number of flagged users
ca4b34e317a440142b385cc4882b17f745d3dde73106e100b87cbaad08a07994,Flagged,Group has large number of flagged users
e39d337847fcc402eb6157ce0fdafa3e232d14bc5f5636c4823b819357a5c9f6,Flagged,Group has large number of flagged users
08a32f6cf1fbe0f62bd65e5affeffb28495c03d3587abe09d9da41682677598a,Flagged,Group has large number of flagged users
1106a6cddba5ecd7990605568f986c7748f26abc924dfc0630b60200e1aae6a8,Flagged,Group has large number of flagged users
0913b3b3e6a151165b94e5529f0bf2f4f694013f99621a3174fe43233b605e5f,Flagged,Group has large percentage of flagged users
9a0fa6566c0d75fb94fc0df3f0e2a608da671e2455c00cc6ed7696d7cc180fde,Flagged,Group has large number of flagged users
fb95d1c9c57e6f7477af3a9285586074898b313c47eb1f678024eff632eaa882,Flagged,Group has large number of flagged users
abae7f73ff7c2acf7f3f67a6f36c1191b0ad4b9b76dbe92014c98324c7001069,Flagged,Group has large number of flagged users
33b82b4f8a623817ac320b8250eabc0be9a391b529e45fac3e0077016ea49b79,Flagged,Group has large number of flagged users
c146814403120eb781af87437c0e7431d83b181481e5000bb79154127d3deb12,Flagged,Group has large number of flagged users
557c7bc6ba6bbe2efaf30ea04c436046e3f03d38f29c8971d43f4055df96bda2,Flagged,Group has large number of flagged users
48ca54eecf2aca60c94574d6bb689d171f83607c557359c4c6c7ce1c7746a7d6,Flagged,Group has large number of flagged users
cf41bcab50c73f7d8e96e85245b0b9e5db56769232ae0c74bbc39dd86d231cef,Flagged,Group has large number of flagged users
8917b62192bde7cb2ac0202cd93f82701441a65174a33f34a4a8ef3218472bc3,Flagged,Group has large number of flagged users
62a6200bc9d2a2535b8a7dbe929e561d2b2dd8cf2e1bcc143f222ca5f4d84a06,Flagged,Group has large number of flagged users
b5669e81b262587695220fd576cae8e1d9ed254268c2618c373349920e1f2605,Flagged,Group has large number of flagged users
e6edafd3f1a7016ae872b8b5abe1f2a2d6db059fa5c7373ce1b4e1cb74018997,Flagged,Group has large number of flagged users
ecf36d36513e512116dae79a64dd58b6d3eae5f00193773b5e28ae87b5421fbb,Flagged,Group has large number of flagged users
e4baa31e5b9b73393d3613aa8678b2ad7cd94f1ee7457acd9b5f72525382652a,Flagged,Group has large number of flagged users
acdb9a2d3f4222eeef27a3ab32b6194e151acb1d8c1d50f5de35322b76db47c2,Flagged,Group has large number of flagged users
1c28be79f47356ae4c1788ce3a84e4a25e4778cc9c53fa401e4b192a7b3459f2,Flagged,Group has large number of flagged users
79f08870bb999ceb2fd88f518dffa47d4355209addae098ce35a1838a6684020,Flagged,Group has large number of flagged users
1328c1c038d7fa5f768d4305e3f002819ed6b117cf4e8f6742de1020622fa310,Flagged,Group has large number of flagged users
a58bda1967343f07dbbb46db1233fff521e432696d2fe13ccc231d0e3c7fdfe3,Flagged,Group has large number of flagged users
99494e47bfb9c709d0536990f8532e1a3941a2db68162aaebcae78a789d8eaaf,Flagged,Group has large number of flagged users
5036ceeecf31847871ceeafb0e81bf4398b41357a1c41371330cad7fa0f4e8af,Flagged,Group has large number of flagged users
0528a3e9e60e65a2a11fabbedc1d4cda02dfa41bf6aa77e8fba21dd9465c2c63,Flagged,Group has large number of flagged users
4f6302c59713bb83ceb9b5117c0af8ead45156183780fe03f49f9fea3aea6e5b,Flagged,Group has large number of flagged users
0f1b852c98f6ce324a8899bc017650ca2418ccc6e3ce3d5772d106695cf57357,Flagged,Group has large number of flagged users
62644f7fd53e2231b436642c8822c725d63d8a934f874a9af205da2d13b39705,Flagged,Group has large number of flagged users
8b313c691a7591fe70d306a39687a95eb3108de3dcb24b37704a57880d332c31,Flagged,Group has large number of flagged users
5762d2ff3dc715c56252ca878494b4db5318afc316bc0eda8a3d8f98b319daaa,Flagged,Group has large number of flagged users
f4c4ff3857a47082dc0ad3adbe8c237994f6deac4712954a5e3bda10ac00265e,Flagged,Group has large number of flagged users
2a8662d55d87da4639ef3d743d6b1b99fab56843dcdcaafc5eaf7ac03932f976,Flagged,Group has large number of flagged users
3b8954cfd10daf2c557d7f1369bbcadcaf0f3df1ef37715f02c3a4b6127184b4,Flagged,Group has large percentage of flagged users
262b7ddfafe64ca85b3bb92102d8f54029d5daa601a3eca2e7e3cf4d3e90e847,Flagged,Group has large number of flagged users
1d972172b1db4dfd96175087ad8b9ef465c74903dcaa74a5f2a0ec5da2b52b5b,Flagged,Group has large number of flagged users
41663405c475636ee831c91ea73cdccf77777e501ecd2c96e6bab49caae71b39,Flagged,Group has large number of flagged users
ef47245889ff7d4ac982500fd631aa25608e09a4111fc5d9856b2109653eb538,Flagged,Group has large percentage of flagged users
93bd9e9fe926cc7e230d4f781f7d0b77061e1331b1b88a8b1a4b10e73dc30776,Flagged,Group has large number of flagged users
80ea90dd6969eec16dc77ecd431bfb17660bcc5f0962bef3246fed33356f8557,Flagged,Group has large number of flagged users
8bd75346e2b8124fd7399efa03cde6f9f5b639472a9d5461a970b7ec882683fb,Flagged,Group has large number of flagged users
ba63be67e346abde7577e06caa0e92b357ec1218646ae01dde577eabb0223c95,Flagged,Group has large number of flagged users
0b52f419bde2c2d707b2a67e794ca20ac18b61c39bfd2100c28b8b91e5113012,Flagged,Group has large number of flagged users
bd5ff910278b4ee630a4cabde3f4fafdc47b7093188216d1b7baf5584c5ea8b0,Flagged,Group has large number of flagged users
03819aa5be7ecf67752d341f5d638db35b7200395a2247ba3bbfe322207445e3,Flagged,Group has large number of flagged users
47e25441f79646e677e80763dd494c947f53a0874efa1f35e667346c7cb46d24,Flagged,Group has large number of flagged users
fded92e417b1e41d8d1805505dba18c2e74170e8516326870d52a1f891964c4e,Flagged,Group has large number of flagged users
46f0b0887dfc07722fe7b864194bba1f326318ac0e7105b5abe1922b9c18fb62,Flagged,Group has large number of flagged users
e6548faf81a90f67687df4c8c0949fcc8b582f328c5bdd89684c60be8217b455,Flagged,Group has large number of flagged users
504676e2e5bdbf47efe62d36bcc2527251725c9f5d0885386772e44a8b6c573c,Flagged,Group has large percentage of flagged users
d0f30d9cab96fc4a7da32607abf595430654793f8f406e0fbf6f9fe0381bd472,Flagged,Group has large number of flagged users
9844d98b4ed46bcb5c1c86de23687a3778715888f47302c239dc4efd23182402,Flagged,Group has large number of flagged users
5e21bebcc001f419a7163f806bda83ba34abdbd08214170261e83432e0d10e09,Flagged,Group has large number of flagged users
ae86c37ff32a1708f5f7b6e534058df806957046bad2942633a5650d765c6a60,Flagged,Group has large percentage of flagged users
f00a992556f7258bc9143a64c4e4ebe617de0cdc89edbdcb5ec58d2103347b1a,Flagged,Group has large number of flagged users
0b73d73efc3288c537f5cab79e4095684dfac0d74f728699f41b93dd58879be4,Flagged,Group has large number of flagged users
e13f838c6d39ad72d8172b3bebeb51ebda5b68d6db38b694b2e8d585dcac2494,Flagged,Group has large number of flagged users
66e9265d5e9eee156f2c8b51b85922cfb79f9f3f1796cab6b0a45890c1f1f763,Flagged,Group has large number of flagged users
78aa01c92c33e02e7ecab7ae3fa2f760d29e69d57afad6202da203d412d471b7,Flagged,Group has large number of flagged users
23b747ddd5b4ab08da9c4b11b1d75b86fb206b50b322fed6e39d5c8ef84ca2c8,Flagged,Group has large number of flagged users
59995ab3ba1e03fa92560b611c2920893eea45cab8b0616636401da47e2819ac,Flagged,Group has large number of flagged users
e691b55353294b85835299c0c04cc9d8e36371c21dc987dfd51bc1dac14e708b,Flagged,Group has large number of flagged users
bd6904c69b489fd17de49b421292d6c97d91e217b50f8ba7fcb116e926878a8e,Flagged,Group has large number of flagged users
f4c820b9279bffc5b30484f84cad98e09ef9ca3aeaf5a3f33796d37f3f54ec20,Flagged,Group has large number of flagged users
9cf9e82966775935fe7116211de0e2856cce1bccc6fa77673248c89259803afa,Flagged,Group has large number of flagged users
284baa5dfc41f90d2cded711b975c13b0e10100930127617662cbb1ef529a7e4,Flagged,Group has large number of flagged users
6d280bf3d98bb45f9f41141a22baa9f133001ceea9bd646019dc8c8c3a7e544f,Flagged,Group has large number of flagged users
75cdf771d84e189c0d87274c29f44361fbcae0f5241af3972ae655bce1c5caff,Flagged,Group has large number of flagged users
1d125c0c1c7d1b70cf50bd865b3562bbcedc5f9e5491f00167be7d33678bb861,Flagged,Group has large number of flagged users
e062553948480bb321adb022426417b43d68ea69b889040fef428c3b8828f31e,Flagged,Group has large number of flagged users
2fb6d438d7be0e62822008e9cae9f937f7283e848487acbb415bf76757a2f64c,Flagged,Group has large number of flagged users
fc4ed3d6eb35d507d61305bb7fc8ebe0a349c385931979659da252d6ea84a68e,Flagged,Group has large number of flagged users
0fc7e9eb687aff0730512ab4804ee5f075a682b20368ffdcba0ce6a79c378966,Flagged,Group has large number of flagged users
b2f96ceb0d50c838a6e1e40cf0bfbd1ed1b6acd7d446f80b43326e12c9deb35e,Flagged,Group has large percentage of flagged users
cbcf1179467e6229fdb2c8ba2fec20bf0d2e8f319258191aa442211fdb7e0289,Flagged,Group has large number of flagged users
06faef42d0f649995221502f06ea751db41936479cca79d89cd64fd70cc02a2b,Flagged,Group has large number of flagged users
36f4df1100861e13cded3735a19638c49fe0a17b413c3d1ee135657b3a7b17bb,Flagged,Group has large number of flagged users
2dd62c4d6d69a333149955600fa7d027b33cc13088e7a8c46d51662cd60af3dc,Flagged,Group has large number of flagged users
ab1fd60f3e75d09d76c8a96292149d11854c8eac518bb2fedcee3c7baf5c7992,Flagged,Group has large percentage of flagged users
e5d14e431251e20d04434546c49dd5847af8fabc937f1f5f22cb6a8b30291b8a,Flagged,Group has large number of flagged users
a6752a5dc5b98385d4934d915ecb6897f5525b986b5b13e074d47dc281025975,Flagged,Group has large number of flagged users
24b75ca2e7ab39952d4936ba557e95eed8e897cfbce334a79560a835c6f73471,Flagged,Group has large number of flagged users
15e578193673e4bdcf7bba6b413a506cc6016e0c30485782480b690684ad220d,Flagged,Group has large percentage of flagged users
f22c873696cd2ea5afbfdd4e0e9e10662be5d8a09460cca39b5d900f00792a90,Flagged,Group has large number of flagged users
10a6f583f2885749a936c6f69675239f29e68797e41378f06df4931e7ce00284,Flagged,Group has large number of flagged users
98707e448286980ab824a848491d1c67edc589e76911439dc4dc13dadad4d7da,Flagged,Group has large number of flagged users
f31134c841e77a2af5144bfc55f42af0bbf98d1db6566c07762dd2d815f35569,Flagged,Group has large number of flagged users
6972130ad1296eb5f6572ba0d1761e489142c5257f97cd30f4d349b94d5f7aa8,Flagged,Group has large number of flagged users
5c6295f6f969fed92d2b7a1ebfff9f71500577df83d10ed687ae182eb05c876f,Flagged,Group has large number of flagged users
7b4447678c68b74944e9064206280b40dcf02c84c5e8a190467966d89eb9d767,Flagged,Group has large number of flagged users
9ff6389e2ec658e085b0d68333c6eaec3b25467867ae06739bc853d9eddffc81,Flagged,Group has large number of flagged users
bb189fcee00bd5246e8ca132580c85d23313a7592037277d47056df132886fda,Flagged,Group has large number of flagged users
78efa5ca2e3450bbbfffbc90a79fc800122a32b4dbe6d4528ade4df37d9fe1a7,Flagged,Group has large number of flagged users
af405d3d755e34b635eecf6372fb054b9ed6bb35cdad269f392be4d056c4f333,Flagged,Group has large number of flagged users
a06c77bb7096aebcf49eddaafc67cc528eb0b624f99fde25da1978322377e6fd,Flagged,Group has large number of flagged users
4a64dcc74517fe3af1a488082427dfd95f120bf91d205e49dc02a9f5a42cc373,Flagged,Group has large number of flagged users
1af634b7614ac94bc9063111382b3c6f55c54440a4c6e2d6d6dc04d539e4f569,Flagged,Group has large number of flagged users
a4da6749215e43905026f6a5c1ac3ea4ea914f961e1380fd22ec2b6a94913005,Flagged,Group has large number of flagged users
b9ffba5f410f7b63b72f9d794ca78a2ffa0209ae00873db902331bad246d6262,Flagged,Group has large number of flagged users
7e8e2d50106232b8fa36fbf1948265a769533092d55433ce5be65a48a1850cf5,Flagged,Group has large number of flagged users
c7a39d9113ba8f7d393d0297de9343267699d03560053c3c729206bfb0d2193d,Flagged,Group has large number of flagged users
0d577d1b83598af6dcc5aa7d17ee4fc8a60987090c4529b3dc842322e1edaaeb,Flagged,Group has large number of flagged users
10be552e0b03d3a11ec75d19581546b9882b000a7382b723b5cb9e24de1c017e,Flagged,Group has large number of flagged users
6288c47df5851785bda5f7efe6949b9efbe768343187b6989bed55f0d6245b86,Flagged,Group has large number of flagged users
10b993f5e24883f8e56585d4769e7868185bbc833f016b71f403f9faad49441d,Flagged,Group has large number of flagged users
71694af6ae961c7f21a041845739a2ce2b54815e7326ca99d0d567202f6d3dd5,Flagged,Group has large number of flagged users
3e1b68b57054ca1c978a6d7aae22368871392e2805da87990ddba8f7c7b9c75b,Flagged,Group has large number of flagged users
9a5abf3cf774cce83d68286482d442b48fa06d6fe29c4b9173b20b682335ee1c,Flagged,Group has large number of flagged users
24c00dae01796ec637e6391e408867235b506dd924ea847dd076e0631aa88bd2,Flagged,Group has large number of flagged users
8e049babf2e88420091593a90f12b14dd48441925a39c200a2b2f84b64cf13d8,Flagged,Group has large number of flagged users
c9332faeba7ab620377eb2e6dbb4bf2c4e8166c29c9f418a232f62cac90f5fbb,Flagged,Group has large number of flagged users
4a04e3e735e478df825a05bbfbeb4290e5d1ccf128c20d9272fabfcb632441e1,Flagged,Group has large number of flagged users
8a2e7659435732df710ea373b12095cc3105f407a7f94f1484bb8aafdb81ed5f,Flagged,Group has large number of flagged users
7e832bedf1b77f2b393a45af6f61373699f59d522773194daf7ad6a0607cabcc,Flagged,Group has large number of flagged users
9f60624f1ccb14ea71302016d5e84e9727a018c5e0efb4db66b1942f9b4671f8,Flagged,Group has large number of flagged users
4dc4170813d84a2160def5a72f466452f968f515e2338f46ce84f13bd6d95fa0,Flagged,Group has large number of flagged users
48aceefb2f3a487d8561930543b057757d9f4f7fe5a262b32379d4bb23cd105e,Flagged,Group has large number of flagged users
a9c77e182327685d9a98b7fd503bf5c41a4cb87db717a55c2b2eac453e7e2a4a,Flagged,Group has large number of flagged users
82adea68e71692aa6424852a6e1c9e4a35317ce8b56c9863195e6dbb4747c89a,Flagged,Group has large number of flagged users
50b58aca7de154c06212d2295e2ca609e4b6d23a5b0fe5a7cfa61f639f2f4d58,Flagged,Group has large number of flagged users
c666da6b8b77fcf7f62790a2268c9631503df1d9ab7d5e803f8b9a2affc8d54f,Flagged,Group has large number of flagged users
f23cdf4e73d54b9ae2d0d73d8828b7059ed65095b9431402b2658d46e768f969,Flagged,Group has large number of flagged users
adc53e98c000e0bca93f8f784fa42f2bfa60b6573cc78c818fffa0bf92ded1bf,Flagged,Group has large number of flagged users
79056a232d1bc0bd18a0ede87a595f2064ed5961386bad2a3d7fdcfa74b2ccec,Flagged,Group has large number of flagged users
e3841763382c58738bbf96201e3ef54b5b9b0cca18c57bbf726f0f107e066fcf,Flagged,Group has large number of flagged users
53837dcd529d47380b104c9607d0191acb887522db5d8e22dc06517c13de53ae,Flagged,Group has large number of flagged users
37f4e3b78787501c3b3f86fd874104c3296c8f21ef52cdbc42b86400085397f1,Flagged,Group has large number of flagged users
5e18043a045614dc82ebeb6924f67d184e8c31603ae00882b37ce51de658c0b5,Flagged,Group has large number of flagged users
95ffd7b3254730bf03aa49968a616c3276d2ed801d8b0dd152cd65d59b9d8379,Flagged,Group has large number of flagged users
ffa0e609ba3481e30e6b941ce644cb7d267c1116cf7e8d762d055196959b9c33,Flagged,Group has large number of flagged users
d613be1b0eb72426333b85e23465422c8d98526e680d7cf312dc1db5cfa2e41f,Flagged,Group has large number of flagged users
39be7e6f6d97fbee7191f170a6d43ce18a8286a85b3ce136aba341745a82707e,Flagged,Group has large number of flagged users
764d547b55109ae399d746ec5a5692a5eb37908285b1c241cfabb5b9253a45ec,Flagged,Group has large number of flagged users
22c82bacf86e570547dcef5074d468853cca8549406e9e0ebc8635067d97dd6e,Flagged,Group has large number of flagged users
8f631a39ac690af8c6195a16a1db533cee142918629f93cf3b691ab07759ee43,Flagged,Group has large percentage of flagged users
29d84148231ae3d02e3bd742bd634fb819eb5078158533b736e30430178eb640,Flagged,Group has large number of flagged users
f99bab9bfed2a8297350f7525843d2368046c68669107e2a80a908ce19da5cff,Flagged,Group has large number of flagged users
